0,"Hi","Query received: Hi"
0,"I hope you are well","Query received: I hope you are well"
0,"What is the definition of blanket?","Query received: What is the definition of blanket?"
0,"Well","Query received: Well"
0,"Bet","Query received: Bet"
1,"Hi","Query received: Hi"
1,"Hello","Query received: Hello"
1,"Hi","Query received: Hi"
1,"asdf","Query received: asdf"
1,"adf","Query received: adf"
1,"adf","Query received: adf"
1,"asdfadfas","Query received: asdfadfas"
1,"asdfasdf","Query received: asdfasdf"
1,"afasdfasdf","Query received: afasdfasdf"
1,"be","Query received: be"
1,"hie","Query received: hie"
1,"nope","Query received: nope"
1,"amazing","Query received: amazing"
1,"bet","Query received: bet"
1,"no","Query received: no"
1,"asdf","Query received: asdf"
1,"asdf","Query received: asdf"
1,"adf","Query received: adf"
1,"bruh","Query received: bruh"
1,"hi","Query received: hi"
1,"hype","Query received: hype"
1,"test","Query received: test"
3,"hi","Query received: hi"
4,"Find the sum of all the multiples of 3 and 5 between 1 and 1000. Also find the product of the first five prime numbers.","please insert an api key for a model"
